question,intent
날씨 좋아,날씨
날씨 좋니,날씨
날씨 어떠니,날씨
날씨 어떠냐,날씨
날씨 어떤데,날씨
영월 날씨 좋니,날씨
오늘 비 오나요,날씨
오늘 비 올까,날씨
눈 오나요,날씨
날씨 비 와,날씨
오늘 눈 와,날씨
4월 12일 날씨 맑나요,날씨
이번 주 토요일 맑나요,날씨
내일 맑나요,날씨
다음 주 구름 꼈나요,날씨
이번 주 바람 부니,날씨
날씨,날씨
날씨 알려줘,날씨
날씨 알려주라,날씨
날씨 알려줄래,날씨
날씨 알려주세요,날씨
날씨도,날씨
날씨는,날씨
날씨는 어때,날씨
날씨는 어떠니,날씨
날씨도 알려줘,날씨
날씨는 어때,날씨
날씨는 어떠니,날씨
날씨는 어떠냐,날씨
오늘 날씨 바람 부니,날씨
오늘 바람 부니,날씨
내일 구름 꼈나요,날씨
모레 구름 꼈나요,날씨
모레 비올까,날씨
내일 눈 오나요,날씨
내일 눈올까,날씨
맑아,날씨
맑니,날씨
맑냐,날씨
흐려,날씨
흐리냐,날씨
비올까,날씨
모레 흐릴까,날씨
내일 흐리니,날씨
오늘 흐려,날씨
내일 흐려,날씨
모레 흐려,날씨
오늘 날씨 흐려,날씨
내일 날씨 흐려,날씨
모레 날씨 흐리니,날씨
오늘 맑니,날씨
오늘 맑아,날씨
오늘 맑나요,날씨
모레 맑니,날씨
모레 맑나요,날씨
오늘 맑은지 알려줘,날씨
포항 날씨 좋아,날씨
양양 오늘 날씨 알려줘,날씨
강릉 오늘 날씨좀 알려줄래,날씨
속초의 오늘 날씨는 어떨까,날씨
날씨 어때,날씨
다다음 주 날씨 어때보여,날씨
글피 날씨 어때요,날씨
글피 날씨 알려줘,날씨
인천 날씨 어때요,날씨
오늘 날씨 알려줘,날씨
오늘 날씨좀 알려줄래,날씨
다음 달 날씨 어떨까,날씨
다음 주 날씨 어때보여,날씨
이번 주 날씨 어때요,날씨
내일 날씨 알려줘,날씨
오늘 날씨 알려주라,날씨
이번 주 전주 날씨 알려줘,날씨
이번 주 날씨 알려줘,날씨
내일 부산 날씨 알려줄래,날씨
다음 주 논산 날씨 알려줘,날씨
3월 15일 날씨 알려줘,날씨
9월 12일 대구 날씨 알려줄래,날씨
날씨 좀 알려줄 수 있겠니,날씨
내일 비 오나요,날씨
전주 바람 많이 부니,날씨
대구 바람 많이 부니,날씨
서울 바람 부니,날씨
서울 바람 상태 어떠니,날씨
울산 바람 많이 부니,날씨
인천 바람 많이 부니,날씨
부산 바람 부니,날씨
대전 바람 상태 어떠니,날씨
덕진구 바람 많이 부니,날씨
서초구 바람 많이 부니,날씨
강릉 바람 부니,날씨
광주 바람 상태 어떠니,날씨
진천 바람 많이 부니,날씨
청주 바람 많이 부니,날씨
영등포 바람 부니,날씨
강남구 바람 상태 어떠니,날씨
춘천 바람 많이 부니,날씨
포항 바람 많이 부니,날씨
속초 바람 부니,날씨
제주 바람 상태 어떠니,날씨
군산 지금 눈 오나요,날씨
대구 눈 오나요,날씨
마포구 지금 비 오나요,날씨
여의도 비 오는지 알려줘,날씨
미룡동 지금 눈 오나요,날씨
울산 눈 오나요,날씨
동구 지금 비 오나요,날씨
제주 비 오는지 알려줘,날씨
울산 지금 눈 오나요,날씨
양양 눈 오나요,날씨
산천 지금 비 오나요,날씨
신천 비 오는지 알려줘,날씨
내일 구름 꼈니,날씨
모레 구름 꼈니,날씨
오늘 비 오니,날씨
내일 눈 오니,날씨
내일 눈 올까요,날씨
모레 흐릴까요,날씨
오늘 우산 챙길까,날씨
내일 우산 챙겨야 하니,날씨
오늘 우비 입을까,날씨
전주 날씨 어떠니,날씨
전주 우산 챙겨야 하니,날씨
부산 우산 챙길까,날씨
대전 비 옷 입을까,날씨
광주 비 옷 입을까,날씨
모레 전북 우비 입어야 하니,날씨
우비 입을까,날씨
우산 챙길까 말까,날씨
오늘 마포구 바람 많이 부니,날씨
내일 바람 많이 불려나,날씨
오늘 완산구 바람 많이 부니,날씨
오늘 동두천 바람 많이 부니,날씨
오늘 인천 바람 많이 부니,날씨
오늘 전주 우산 써야 하니,날씨
내일 우산 써야 하니,날씨
다음 주 광주 우산 써야 하니,날씨
우비 입을까 고민 돼요,날씨
오늘 날씨 좋니,날씨
날씨 어떤지 말해줄수 있을까,날씨
오늘 날씨 어때요,날씨
4월 12일 날씨 어때요,날씨
이번 주 토요일 날씨 어때요,날씨
내일 날씨 어때요,날씨
다음 주 날씨 어때요,날씨
날씨가 어떻게 돼요,날씨
오늘 날씨좀 알려줄수 있니,날씨
내일 날씨 알려줄수 있어,날씨
이번 주 날씨 알려줄래,날씨
다음 주 날씨 알려줘,날씨
이번 주 날씨 줘,날씨
다음 주 날씨 알려줄래,날씨
오늘 역삼동 날씨 알려줘,날씨
오늘 마포구 우비 입을까,날씨
춘천 우산 챙겨야 하니,날씨
서울 우산 챙길까,날씨
모레 순천 우비 입어야 하니,날씨
이번 주 날씨는,날씨
이번 주 광명 날씨 알려줘,날씨
이번 주 울산 날씨 알려줘,날씨
이번 주 평택 날씨 알려줘,날씨
우비 입을까 고민 돼,날씨
우산 챙길지 고민되네,날씨
날씨 좋아요,날씨
날씨가 어떻게 돼,날씨
이번 주 광명 날씨 맑나요,날씨
이번 주 울산 날씨 비 오니,날씨
내일 비 오니,날씨
오늘 비 와,날씨
이번 달 비 오니,날씨
이번 달 눈 오니,날씨
내일 비 오는지 알려줘,날씨
오늘 날씨 맑은가요,날씨
이번 주 광명 맑은가요,날씨
이번 주 울산 날씨 맑은가요,날씨
이번 주 서산 날씨 비 오니,날씨
오늘 눈 오니,날씨
오늘 눈 오는지 알려줘,날씨
오늘 바람 부냐,날씨
오늘 바람 많이 부니,날씨
내일 모레 눈 오는지 알려주라,날씨
내일 전주 바람 많이 부니,날씨
내일 서울 날씨 바람 많이 부는지 알려줘,날씨
눈 오니,날씨
춥니,날씨
덥니,날씨
춥냐,날씨
덥냐,날씨
우산,날씨
우산 필요해,날씨
우산 필요하니,날씨
우산 필요할까,날씨
우산 쓸까,날씨
우산 써야하니,날씨
우산 써야할까,날씨
우산 가져갈까,날씨
오늘 우산 필요해,날씨
오늘 우산 필요하니,날씨
오늘 우산 필요할까,날씨
오늘 우산 쓸까,날씨
오늘 우산 써야하니,날씨
오늘 우산 써야할까,날씨
오늘 우산 가져갈까,날씨
내일 우산 필요해,날씨
내일 우산 필요하니,날씨
내일 우산 필요할까,날씨
내일 우산 쓸까,날씨
내일 우산 써야하니,날씨
내일 우산 써야할까,날씨
내일 우산 가져갈까,날씨
다음주 우산 필요해,날씨
다음주 우산 필요하니,날씨
다음주 우산 필요할까,날씨
다음주 우산 쓸까,날씨
다음주 우산 써야하니,날씨
다음주 우산 써야할까,날씨
다음주 우산 가져갈까,날씨
4월 12일 날씨 맑은가요,날씨
이번 주 토요일 맑은가요,날씨
내일 맑아,날씨
내일 맑니,날씨
내일 맑은가요,날씨
이번 주 맑아,날씨
이번 주 맑아요,날씨
이번 주 비올까,날씨
다음 주 비올까,날씨
부산 비올까,날씨
서울 비올까,날씨
다음 주 구름 꼈니,날씨
모레 비 올까요,날씨
모레 맑은가요,날씨
이번 주 광명 날씨 맑은가요,날씨
대전 눈 와,날씨
대구 달 비 오니,날씨
울산 달 눈 오니,날씨
인천 비오는지 알려줘,날씨
서울 비오는지 알려줘,날씨
광주 비오는지 알려줘,날씨
부산 비오는지 알려줘,날씨
이번 주 광명 날씨 맑니,날씨
오늘 눈 오나요,날씨
오늘 날씨 맑니,날씨
이번 주 광명 맑니,날씨
이번 주 울산 날씨 맑니,날씨
대전 눈 오나요,날씨
내일 서산 바람 많이 부니,날씨
바람 많이 불어,날씨
바람 어때,날씨
바람 많이 부는지 알려줄래,날씨
송도 내일 바람 많이 부니,날씨
오늘 대구 동구 바람 많이 부냐,날씨
오늘 구로구 바람 많이 부니,날씨
날씨 비 오나요,날씨
오늘 눈 오나,날씨
4월 12일 날씨 맑니,날씨
이번 주 토요일 맑니,날씨
오늘 비 오나,날씨
송도 내일 바람 많이 부나요,날씨
오늘 구로구 바람 많이 부나요,날씨
오늘 바람 부나요,날씨
이번 주 바람 부나요,날씨
내일 전주 바람 많이 부나요,날씨
오늘 이천 우산 써야 하니,날씨
다음 주 울산 우산 써야 하니,날씨
다음 주 완주 우산 써야 하니,날씨
오늘 상주 우산 써야 하니,날씨
오늘 오산 우산 써야 하니,날씨
오늘 눈 오냐,날씨
오늘 날씨 어때,날씨
4월 12일 날씨 어때,날씨
이번 주 토요일 날씨 어때,날씨
내일 날씨 어때,날씨
이번 주 날씨 어때,날씨
다음 주 날씨 어때,날씨
이번 주 날씨 알려줄래요,날씨
다음 주 날씨 알려줄래요,날씨
오늘 날씨좀 알려줄래요,날씨
날씨 비 오냐,날씨
오늘 날씨 바람 부나요,날씨
내일 비오냐,날씨
내일 비올까,날씨
내일 바람 많이 부나요,날씨
오늘 바람 많이 부냐,날씨
오늘 비 오려나,날씨
내일 흐리니,날씨
내일 흐리나요,날씨
모레 흐리나요,날씨
모레 비올까,날씨
내일 날씨 흐리냐,날씨
내일 날씨 흐리나요,날씨
모레 날씨 흐리니,날씨
오늘 맑은지 알려줘,날씨
이번 주 날씨 알려줘,날씨
이번 주 날씨는,날씨
이번 주 광명 날씨 알려줘,날씨
이번 주 울산 날씨 알려줘,날씨
이번 주 광주 날씨 알려줘,날씨
모레 날씨 알려주라,날씨
날씨 좋아,날씨
날씨 좋니,날씨
부천 날씨 알려주세요,날씨
인천 날씨 어때,날씨
오늘 날씨 알려주세요,날씨
오늘 날씨좀 알려줄래요,날씨
다음 달 날씨 어떨까,날씨
다음 주 날씨 어때보여,날씨
이번 주 날씨 어때,날씨
내일 날씨 알려주세요,날씨
오늘 날씨 알려주라,날씨
이번 주 전주 날씨 알려주세요,날씨
이번 주 날씨 알려주세요,날씨
내일 부산 날씨 알려줄래요,날씨
다음 주 논산 날씨 알려주세요,날씨
3월 15일 날씨 알려주세요,날씨
9월 12일 대구 날씨 알려줄래요,날씨
날씨 좀 알려줄 수 있겠니,날씨
날씨 어떠니 좋니,날씨
오늘 날씨 좋니,날씨
날씨 좋아,날씨
날씨 어떤지 말해줄수 있을까,날씨
오늘 날씨 어때,날씨
4월 12일 날씨 어때,날씨
이번 주 토요일 날씨 어때,날씨
내일 날씨 어때,날씨
이번 주 날씨 어때,날씨
다음 주 날씨 어때,날씨
날씨가 어떻게 돼,날씨
오늘 날씨좀 알려줄수 있니,날씨
내일 날씨 알려줄수 있어,날씨
이번 주 날씨 알려줄래요,날씨
다음 주 날씨 알려주세요,날씨
이번 주 날씨 주세요,날씨
다음 주 날씨 알려줄래요,날씨
오늘 날씨 알려주세요,날씨
오늘 날씨좀 알려줄래요,날씨
내일 날씨 알려주세요,날씨
이번 주 날씨 알려주세요,날씨
이번 주 날씨는,날씨
이번 주 광명 날씨 알려주세요,날씨
이번 주 울산 날씨 알려주세요,날씨
이번 주 평택 날씨 알려주세요,날씨
이번 주 광주 날씨 알려주세요,날씨
이번 주 미추홀 구 날씨 어때,날씨
이분 주 미추홀 구 날씨 어떰,날씨
이번 주 미추홀 구 날씨 어떠니,날씨
이번 주 미추홀 구 날씨 어떠냐,날씨
이번 주 미추홀 구 날씨 어떤데,날씨
이번 주 미추홀 구 날씨 알려줘,날씨
이번 주 미추홀 구 날씨 알려주라,날씨
내일 부산 날씨 알려주세요,날씨
내일 부산 날씨 어때,날씨
내일 대구 날씨 알려주세요,날씨
내일 대구 날씨 어때,날씨
내일 대구 날씨 알려주세요,날씨
내일 대구 날씨 어때,날씨
내일 대전 날씨 알려주세요,날씨
내일 대전 날씨 어때,날씨
내일 안산 날씨 알려주세요,날씨
내일 안산 날씨 어때,날씨
내일 군산 날씨 알려주세요,날씨
내일 군산 날씨 어때,날씨
내일 오산 날씨 알려주세요,날씨
내일 오산 날씨 어때,날씨
내일 날씨 뭐야,날씨
내일 전주 날씨 뭐야,날씨
내일 부산 날씨 알려주세요,날씨
오늘 금천구 날씨는,날씨
부산 날씨,날씨
대구 날씨,날씨
원주 날씨 말해줄래요,날씨
내일 날씨 알려주라,날씨
오늘 날씨 알려주라,날씨
오늘 날씨 어때,날씨
날씨가 어떻게 돼,날씨
오늘 날씨좀 알려줄수 있니,날씨
내일 날씨 알려줄수 있어,날씨
이번 주 날씨 알려줄래요,날씨
다음 주 날씨 알려주세요,날씨
이번 주 날씨 주세요,날씨
다음 주 날씨 알려줄래요,날씨
모레 부산 날씨 알려주세요,날씨
오늘 대구 날씨 알려주세요,날씨
모레 대구 날씨 알려주세요,날씨
오늘 대전 날씨 알려줘,날씨
모레 안산 날씨 알려줘,날씨
오늘 군산 날씨 알려줘,날씨
오늘 비 오나요,날씨
눈 오나요,날씨
눈 오냐,날씨
눈 올까,날씨
비 오니,날씨
비 오냐,날씨
비 올까,날씨
날씨 비 와,날씨
오늘 눈 와,날씨
다음 주 구름 꼈나요,날씨
이번 주 바람 부나요,날씨
오늘 날씨 바람 부나요,날씨
오늘 바람 부나요,날씨
내일 구름 꼈나요,날씨
모레 구름 꼈나요,날씨
모레 비 올까,날씨
내일 눈 오나요,날씨
내일 눈 올까,날씨
모레 흐릴까,날씨
내일 흐리니,날씨
내일 흐려요,날씨
모레 흐려요,날씨
내일 날씨 흐려요,날씨
모레 날씨 흐리니,날씨
모레 맑나요,날씨
오늘 맑은지 알려줘,날씨
모레 오산 날씨 알려줘,날씨
오늘 날씨 뭐야,날씨
모레 전주 날씨 뭐야,날씨
오늘 부산 날씨 알려줘,날씨
오늘 양평구 날씨는,날씨
고령 날씨,날씨
나주 날씨 말해줄래요,날씨
내일 태백 날씨 알려주라,날씨
창포길 오늘 날씨 알려주라,날씨
덕진로 오늘 날씨 어때,날씨
양양읍 내일 날씨 어때,날씨
이번 주 옥구읍 날씨 어때,날씨
다음 주 장성로 날씨 어때,날씨
가평 날씨가 어떻게 돼,날씨
오늘 영월 날씨 좀 알려줄수 있니,날씨
내일 날씨 제주 알려줄수 있어,날씨
이번 주 사귀포시 날씨 알려줄래요,날씨
세종시 다음 주 날씨 알려줘,날씨
이번 주 서울 날씨 줘,날씨
서울 다음 주 날씨 알려줄래요,날씨
부안 날씨가 어떻게 돼,날씨
오늘 서천 날씨 좀 알려줄수 있니,날씨
내일 날씨 영덕 알려줄수 있어,날씨
이번 주 가로수길 날씨 알려줄래,날씨
구암 다음 주 날씨 알려줘,날씨
이번 주 영등포 날씨 줘,날씨
구로 다음 주 날씨 알려줄래,날씨
일산 날씨가 어떻게 돼요,날씨
오늘 안암 날씨 좀 알려줄수 있니,날씨
내일 날씨 알려줄수 있어,날씨
이번 주 홍대 날씨 알려줄래,날씨
인천 다음 주 날씨 알려줘,날씨
이번 주 보령 날씨 줘,날씨
경주 다음 주 날씨 알려줄래,날씨
맛집,맛집
맛있는,맛집
맛있는 집,맛집
음식점,맛집
맛있는 음식점,맛집
카페,맛집
유명한 카페,맛집
맛집 추천해줘,맛집
카페 추천해줘,맛집
유명한 카페 추천해줘,맛집
음식점 추천 해줘,맛집
맛집 추천해주라,맛집
음식점 추천해주라,맛집
카페 추천해주라,맛집
맛집 알려줘,맛집
카페 알려줘,맛집
카페 알려주라,맛집
음식점 알려줘,맛집
카페 어디있니,맛집
카페 어디있냐,맛집
분위기 좋은 카페,맛집
분위기 좋은 카페 알려줘,맛집
분위기 좋은 카페 추천해줘,맛집
맛난 음식 알려주라,맛집
충주 맛집 알려줘,맛집
맛있는 음식 알려주라,맛집
부산 맛집 알려줘,맛집
김치 음식 알려줘,맛집
라면 음식 알려줘,맛집
고기 음식 말해,맛집
이런 음식 알려줘,맛집
먹을 음식 알려주라,맛집
대전 피자 맛집 어디 있니,맛집
맛집 어디 있지,맛집
떡갈비집 어디 맛있어,맛집
어디 맛있어,맛집
어디 맛있니,맛집
군산 맛집 말해줘,맛집
거기 맛집 어디야,맛집
전주 맛집 어디 있어,맛집
서울 맛집 어디야,맛집
부산 맛집 어디 있냐,맛집
광명 맛집 말해줘,맛집
산천 맛집 말해줘,맛집
대전 맛있는 음식점 알려줘,맛집
마포구 맛집 어디야,맛집
구로구 음식점 추천 좀,맛집
맛있는 음식점 알려줘,맛집
마포구 맛집 말해줘,맛집
음식점 추천 좀,맛집
음식점 추천 좀 해줘,맛집
뭐 먹을까요,맛집
서울 맛집 추천해줘요,맛집
맛난 음식 추천해주세요,맛집
충주 맛집 추천해줘요,맛집
맛있는 음식 추천해주세요,맛집
부산 맛집 추천해줘요,맛집
김치 맛집 추천해줘요,맛집
라면 음식 추천해주세요,맛집
고기 음식 추천해줘요,맛집
이런 음식 추천해줘요,맛집
먹을 맛집 추천해주세요,맛집
서울 맛집 알려줘요,맛집
맛난 음식 알려주세요,맛집
충주 맛집 알려줘요,맛집
맛있는 음식 알려주세요,맛집
대전 피자 맛집 어디 있죠,맛집
맛집 어디 있지요,맛집
전주 맛집 어디에요,맛집
서울 맛집 말해줘,맛집
부산 맛집 어디에요,맛집
광명 맛집 어디에요,맛집
산천 맛집 어디지,맛집
대전 맛있는 음식점 알려줘요,맛집
마포구 맛집 어디에요,맛집
구로구 음식점 추천 좀요,맛집
맛있는 음식점 알려줘요,맛집
음식점 추천 좀요,맛집
음식점 추천 좀 해줘요,맛집
전주 맛집 추천해줘,맛집
부산 맛집 추천해줘,맛집
오늘 뭐 먹을까,맛집
먹을 거 추천해줘,맛집
뭐 먹을지 알려주세요,맛집
먹을 거 추천해줘요,맛집
대구 맛집 추천해줘요,맛집
공주 맛집 추천해줘요,맛집
대구 맛집 알려줘요,맛집
울산 맛집 알려줘요,맛집
인천 맛집 알려줘,맛집
뭐 먹을지 추천해주세요,맛집
어떤 거 먹을까요,맛집
먹을 음식 추천해주세요,맛집
뭐 먹을지 정해줘요,맛집
어떤거 먹을지 정해주세요,맛집
먹을 거 좀 알려줘요,맛집
맛있는 거 뭐 있죠,맛집
맛있는 거 알려줘요,맛집
먹을만 한 거 알려주세요,맛집
먹을 거 알려주세요요,맛집
먹을 만 한 거 추천해주세요,맛집
맛난거 알려줘요,맛집
맛난 음식 추천해줘요,맛집
맛난 거 뭐있어요,맛집
뭐 맛있죠,맛집
요즘 맛있는 거 뭐있어요,맛집
어떤게 맛있니 요즘요,맛집
맛있는 음식 추천해줘요,맛집
어떤 음식 맛 있죠,맛집
순천 맛집 알려줘요,맛집
군산 맛집 어디에요,맛집
전주 맛있는 음식 어디죠,맛집
금천구 소문난 맛집 알려줘,맛집
유성구 음식점 어디 맛있니,맛집
어디 제일 맛있는 음식점이니,맛집
부산 고깃집 추천해줘,맛집
부산 카페 추천해줘,맛집
전주 비빔밥 추천해줄래,맛집
서울 라멘집 추천해줘,맛집
대전 피자 맛집 어디있니,맛집
광주 떡갈비집 어디 맛있어,맛집
수원 왕갈비 어디 맛있니,맛집
성남에서 어디 제일 맛있니,맛집
대구에서 제일 맛있는 음식점 추천해주라,맛집
송천동 맛집 알려줘,맛집
홍대에서 제일 맛있는 음식점 어디니,맛집
홍대 유명한 카페 알려줘,맛집
홍대 유명한 카페 추천해줘,맛집
송파구 술집 알려주라,맛집
학교 주변 떡볶이집 추천해줄래,맛집
요즘에 제일 맛있는 음식점 어디야,맛집
고기 어디 제일 맛있어,맛집
여수에서 제일 고기 맛집 어디야,맛집
익산 맛집 추천해주겠니,맛집
익산 맛집 추천해 주겠니,맛집
제주도 유명한 맛집 알려줘,맛집
제주도 유명한 카페 알려줘,맛집
제주도 맛집 추천 좀 해주겠니,맛집
서울 돈까스집 추천해줘,맛집
서울 카페 추천해줘,맛집
부산 케이크 알려주라,맛집
대구 순대 추천해줘,맛집
대전 치킨집 추천해줘,맛집
울산 치킨 알려주라,맛집
경주 덮밥 추천해줘,맛집
공주 볶음밥 알려줘,맛집
사천 김밥 맛집 추천해줘,맛집
광양 카페 추천해줘,맛집
노원구 샐러드 알려주라,맛집
충주 커피 맛집 알려줘,맛집
청주 아이스크림 추천해줘,맛집
진천 빵집 추천 좀 해줘,맛집
맛집 추천 좀 해줘,맛집
진천 맛집 추천 좀 해줘,맛집
진천 빵집 추천 좀 해줘,맛집
진천 고깃집 추천 좀 해줘,맛집
강릉 빵 맛있는 곳 추천해줘,맛집
속초 마카롱 맛집 알려주라,맛집
양양 소시지 알려줘,맛집
마산 샤브샤브 추천해줘,맛집
세종 삼겹살 맛집 추천해줘,맛집
정읍 월남쌈 알려줘,맛집
남원 목살 추천해줘,맛집
순창 곱창 알려줘,맛집
여수 족발 맛집 알려주라,맛집
인천 파스타 알려줘,맛집
구리 폭립 추천해줘,맛집
부천 스테이크 알려줘,맛집
파주 규동 맛집 추천해줘,맛집
양주 가츠동 추천해줘,맛집
의정부 규카즈 알려줘,맛집
시흥 나베 맛집 알려주라,맛집
천안 꼬치 추천해줘,맛집
남양주 닭꼬치집 알려줘,맛집
동두천 양고치집 맛집 추천해줘,맛집
평택 닭꼬치 알려줘,맛집
포항 양고치 추천해줘,맛집
울진 치킨 알려주라,맛집
의왕 누룽지 맛집 알려줘,맛집
보령 피자집 추천해줘,맛집
고성 피자 추천해줘,맛집
진안 연어 알려줘,맛집
맛집 광어 맛집 추천해줘,맛집
서울 제육볶음 알려주라,맛집
양주 초밥집 추천해줘,맛집
진도 초밥 추천해줘,맛집
진해 육회 맛집 알려주라,맛집
안산 라면집 추천해줘,맛집
안양 국밥집 추천해줘,맛집
화성 냉면집 맛집 추천해줘,맛집
경주 우동집 알려주라,맛집
이천 닭갈비 추천해줘,맛집
여주 갈비 추천해줘,맛집
일산 돼지고기 맛집 알려주라,맛집
부산 돼지국밥 맛집 알려줘,맛집
부산역 돼지국밥 맛집 알려줘,맛집
안성 돼지 갈비 추천해줘,맛집
울산 찜닭 추천해줘,맛집
아산 분식집 추천해줘,맛집
아산 김밥집 맛집 알려주라,맛집
아산 분식 추천해줘,맛집
경주 자장면 추천해줘,맛집
아산 짬뽕 알려주라,맛집
아산 탕수육 맛집 추천해줘,맛집
아산 팔보채 추천해줘,맛집
아산 깐풍기 추천해줘,맛집
아산 중국집 맛집 알려주라,맛집
아산 중국 음식 추천해줘,맛집
아산 만두 추천해줘,맛집
아산 국수 맛집 알려주라,맛집
경주 잔치국수 추천해줘,맛집
아산 비빔국수 추천해줘,맛집
아산 냉면 맛집 추천해줘,맛집
동두천 쫄면 추천해줘,맛집
아산 비빔냉면 알려주라,맛집
동두천 물냉면 맛집 추천해줘,맛집
아산 감자탕 추천해줘,맛집
포항 홍어 추천해줘,맛집
천안 오징어 맛집 알려주라,맛집
경주 짜글이 추천해줘,맛집
동두천 파전 추천해줘,맛집
아산 육전 맛집 알려주라,맛집
포항 뼈해장국 추천해줘,맛집
천안 김치찜 추천해줘,맛집
아산 알밥 맛집 알려주라,맛집
순창 뚝배기 추천해줘,맛집
천안 순두부 추천해줘,맛집
아산 새우튀김 맛집 추천해줘,맛집
경주 햄버거 알려주라,맛집
천안 새우 추천해줘,맛집
송천동 수제버거 맛집 추천해줘,맛집
포항 수제 버거 추천해줘,맛집
아산 튀김 알려주라,맛집
포항 쌀국수 맛집 추천해줘,맛집
천안 죽집 추천해줘,맛집
아산 쌀국수 알려주세요,맛집
천안 아이스크림 추천해줘요,맛집
경주 음료수 맛집 추천해줘요,맛집
포항 음료수 추천해줘요,맛집
천안 음료수 알려주세요,맛집
당진 횟집 추천해줘요,맛집
상주 호두과자 추천해줘요,맛집
성주 맛집 알려주세요,맛집
대전 피자 맛집 어디있죠,맛집
광주 떡갈비집 어디 맛있어요,맛집
천안 왕갈비 어디 맛있죠,맛집
성남에서 어디 제일 맛있죠,맛집
대구에서 제일 맛있는 음식점 추천해주세요,맛집
송천동 맛집 알려줘요,맛집
홍대에서 제일 맛있는 음식점 어디죠,맛집
송파구 술집 알려주세요,맛집
송파구 카페 알려주세요,맛집
강남역 카페 알려줘,맛집
강남역 카페 추천해줘,맛집
학교 주변 떡볶이집 추천해줄래요,맛집
요즘에 제일 맛있는 음식점 어디에요,맛집
요즘에 제일 유명한 카페 어디에요,맛집
고기 어디 제일 맛있어요,맛집
여수에서 제일 고기 맛집 어디에요,맛집
익산 맛집 추천해주세요,맛집
익산 맛집 추천해 주세요,맛집
제주도 유명한 맛집 알려줘요,맛집
제주도 유명한 카페 알려줘요,맛집
강남역 유명한 카페 알려줘요,맛집
강남역 유명한 카페 추천해줘,맛집
제주도 맛집 추천 좀 해주세요,맛집
제주도 카페 추천 좀 해주세요,맛집
주변 맛집 추천해줘,맛집
주변 카페 추천해줘,맛집
주변 음식점 추천해줘,맛집
주변 맛집 추천해주라,맛집
주변 음식점 추천해주라,맛집
주변 맛집 알려줘,맛집
주변 음식점 알려줘,맛집
주변 카페 알려줘,맛집
주변 맛난 음식 알려주라,맛집
주변 충주 맛집 알려줘,맛집
주변 맛있는 음식 알려주라,맛집
주변 부산 맛집 알려줘,맛집
주변 김치 음식 알려줘,맛집
주변 라면 음식 알려줘,맛집
주변 고기 음식 말해,맛집
주변 이런 음식 알려줘,맛집
주변 먹을 음식 알려주라,맛집
주변 대전 피자 맛집 어디 있니,맛집
주변 맛집 어디 있지,맛집
주변 카페 어디 있지,맛집
주변 떡갈비집 어디 맛있어,맛집
주변 어디 맛있어,맛집
주변 어디 맛있니,맛집
군산주변 맛집 말해줘,맛집
거기주변 맛집 어디야,맛집
전주주변 맛집 어디 있어,맛집
서울주변 맛집 어디야,맛집
부산주변 맛집 어디 있냐,맛집
광명주변 맛집 말해줘,맛집
산천주변 맛집 말해줘,맛집
대전주변 맛있는 음식점 알려줘,맛집
마포구주변 맛집 어디야,맛집
구로구주변 음식점 추천 좀,맛집
주변에 맛있는 음식점 알려줘,맛집
마포구주변 맛집 말해줘,맛집
주변 음식점 추천 좀,맛집
주변 카페 추천 좀,맛집
주변 유명한 카페 추천 좀,맛집
주변 음식점 추천 좀 해줘,맛집
주변 카페 추천 좀 해줘,맛집
근처 카페 추천 좀 해줘,맛집
주변에 뭐 먹을까요,맛집
서울주변 맛집 추천해줘요,맛집
주변에 맛난 음식 추천해주세요,맛집
충주주변 맛집 추천해줘요,맛집
주변에 맛있는 음식 추천해주세요,맛집
주변에 카페 알려줘,맛집
주변에 카페 알려주라,맛집
주변에 카페 추천해줘,맛집
주변에 카페 추천해주세요,맛집
주변에 분위기 좋은 카페 알려줘,맛집
주변에 분위기 좋은 카페 추천해줘,맛집
부산주변 맛집 추천해줘요,맛집
주변에 김치 맛집 추천해줘요,맛집
주변에 라면 음식 추천해주세요,맛집
주변에 고기 음식 추천해줘요,맛집
주변에 이런 음식 추천해줘요,맛집
주변에 먹을 맛집 추천해주세요,맛집
서울주변 맛집 알려줘요,맛집
주변에 맛난 음식 알려주세요,맛집
주변에 충주 맛집 알려줘요,맛집
주변에 맛있는 음식 알려주세요,맛집
대전주변 피자 맛집 어디 있죠,맛집
주변에맛집 어디 있지요,맛집
전주주변 맛집 어디에요,맛집
서울주변 맛집 말해줘,맛집
부산주변 맛집 어디에요,맛집
광명주변 맛집 어디에요,맛집
산천주변 맛집 어디지,맛집
대전주변 맛있는 음식점 알려줘요,맛집
마포구주변 맛집 어디에요,맛집
구로구주변 음식점 추천 좀요,맛집
맛있는주변 음식점 알려줘요,맛집
주변에 음식점 추천 좀요,맛집
주변에 음식점 추천 좀 해줘요,맛집
전주주변 맛집 추천해줘,맛집
부산주변 맛집 추천해줘,맛집
주변에 오늘 뭐 먹을까,맛집
주변에 먹을 거 추천해줘,맛집
주변에 뭐 먹을지 알려주세요,맛집
주변에 먹을 거 추천해줘요,맛집
대구주변 맛집 추천해줘요,맛집
공주주변 맛집 추천해줘요,맛집
대구주변 맛집 알려줘요,맛집
울산주변 맛집 알려줘요,맛집
주변에 뭐 먹을지 추천해주세요,맛집
주변에 어떤 거 먹을까요,맛집
주변에 먹을 음식 추천해주세요,맛집
주변에 뭐 먹을지 정해줘요,맛집
주변에 어떤거 먹을지 정해주세요,맛집
주변에 먹을 거 좀 알려줘요,맛집
주변에 맛있는 거 뭐 있죠,맛집
주변에 맛있는 거 알려줘요,맛집
주변에 먹을만 한 거 알려주세요,맛집
주변에 먹을 거 알려주세요요,맛집
주변에 먹을 만 한 거 추천해주세요,맛집
주변에 맛난거 알려줘요,맛집
주변에 맛난 음식 추천해줘요,맛집
주변에 맛난 거 뭐있어요,맛집
주변에 뭐 맛있죠,맛집
주변에 요즘 맛있는 거 뭐있어요,맛집
주변에 어떤게 맛있니 요즘요,맛집
주변에 맛있는 음식 추천해줘요,맛집
주변에 어떤 음식 맛 있죠,맛집
순천주변 맛집 알려줘요,맛집
군산주변 맛집 어디에요,맛집
전주주변 맛있는 음식 어디죠,맛집
금천구주변 소문난 맛집 알려줘,맛집
유성구주변 음식점 어디 맛있니,맛집
주변에어디 제일 맛있는 음식점이니,맛집
부산주변 고깃집 추천해줘,맛집
전주주변 비빔밥 추천해줄래,맛집
서울주변 라멘집 추천해줘,맛집
대전주변 피자 맛집 어디있니,맛집
광주주변 떡갈비집 어디 맛있어,맛집
수원주변 왕갈비 어디 맛있니,맛집
성남에서 주변어디 제일 맛있니,맛집
대구에서 주변에 제일 맛있는 음식점 추천해주라,맛집
송천동 주변에 맛집 알려줘,맛집
홍대 주변에 제일 맛있는 음식점 어디니,맛집
송파구 주변에 술집 알려주라,맛집
학교 주변 떡볶이집 추천해줄래,맛집
주변에 고기 어디 제일 맛있어,맛집
근처 맛집 추천해줘,맛집
근처 카페 추천해줘,맛집
근처 좋은 카페 추천해줘,맛집
근처 분위기 좋은 카페 추천해줘,맛집
근처 음식점 추천해줘,맛집
근처 맛집 추천해주라,맛집
근처 음식점 추천해주라,맛집
근처 맛집 알려줘,맛집
근처 카페 알려줘,맛집
근처 맛집 어딨니,맛집
근처 카페 어딨니,맛집
근처 맛집 어디야,맛집
근처 카페 어디야,맛집
근처 카페 어디 있어,맛집
근처 맛집 어디 있어,맛집
근처 맛집 어디 있냐,맛집
근처 카페 어디 있냐,맛집
근처 맛집 말해줘,맛집
근처에 맛집 알려줘,맛집
근처에 카페 알려줘,맛집
근처에 카페 알려주라,맛집
근처에 좋은 카페 알려줘,맛집
근처에 분위기 좋은 카페 알려줘,맛집
근처에 맛집 추천해줘,맛집
근처에 카페 추천해줘,맛집
근처에 맛집 추천해주라,맛집
근처에 카페 추천해주라,맛집
근처에 분위기 좋은 카페 추천해줘,맛집
근처에 분위기 좋은 카페 추천해주라,맛집
근처에 뭐 먹을까요,맛집
서울주변 맛집 추천해줘요,맛집
근처에 맛난 음식 추천해주세요,맛집
충주주변 맛집 추천해줘요,맛집
근처에 맛있는 음식 추천해주세요,맛집
부산주변 맛집 추천해줘요,맛집
근처에 김치 맛집 추천해줘요,맛집
근처에 라면 음식 추천해주세요,맛집
근처에 고기 음식 추천해줘요,맛집
근처에 이런 음식 추천해줘요,맛집
근처에 먹을 맛집 추천해주세요,맛집
서울주변 맛집 알려줘요,맛집
근처에 맛난 음식 알려주세요,맛집
근처에 충주 맛집 알려줘요,맛집
근처에 맛있는 음식 알려주세요,맛집
대전주변 피자 맛집 어디 있죠,맛집
근처에맛집 어디 있지요,맛집
근처에 오늘 뭐 먹을까,맛집
근처에 먹을 거 추천해줘,맛집
근처에 뭐 먹을지 알려주세요,맛집
근처에 먹을 거 추천해줘요,맛집
대구근처맛집 추천해줘요,맛집
공주근처 맛집 추천해줘요,맛집
대구근처 맛집 알려줘요,맛집
울산근처 맛집 알려줘요,맛집
근처에 뭐 먹을지 추천해주세요,맛집
근처에 어떤 거 먹을까요,맛집
근처에 먹을 음식 추천해주세요,맛집
근처에 뭐 먹을지 정해줘요,맛집
근처에 어떤거 먹을지 정해주세요,맛집
근처에 먹을 거 좀 알려줘요,맛집
근처에 맛있는 거 뭐 있죠,맛집
근처에 맛있는 거 알려줘요,맛집
근처에 먹을만 한 거 알려주세요,맛집
근처에 먹을 거 알려주세요요,맛집
근처에 먹을 만 한 거 추천해주세요,맛집
근처에 맛난거 알려줘요,맛집
근처에 맛난 음식 추천해줘요,맛집
근처에 맛난 거 뭐있어요,맛집
근처에 뭐 맛있죠,맛집
근처에 요즘 맛있는 거 뭐있어요,맛집
근처에 어떤게 맛있니 요즘요,맛집
근처에 맛있는 음식 추천해줘요,맛집
근처에 어떤 음식 맛 있죠,맛집
공기,먼지
공기 상태,먼지
공기 좋아,먼지
공기 상태 좋아,먼지
공기 좋니,먼지
공기 상태 좋니,먼지
공기 어때,먼지
공기 상태 어때,먼지
공기 어떠니,먼지
공기 상태 어떠니,먼지
공기 어떠냐,먼지
공기 상태 어떠냐,먼지
공기 알려줘,먼지
공기 상태 알려줘,먼지
공기 알려주라,먼지
공기 상태 알려주라,먼지
공기는 어때,먼지
공기 상태는 어때,먼지
공기는 어떠니,먼지
공기 상태는 어떠니,먼지
공기는 어떠냐,먼지
공기 상태는 어떠냐,먼지
먼지,먼지
먼지 좋니,먼지
먼지 어때,먼지
먼지 어떰,먼지
먼지 어떠니,먼지
먼지 어떠냐,먼지
먼지 어떤데,먼지
먼지 알려줘,먼지
먼지 알려주라,먼지
먼지 상태,먼지
먼지 상태 좋니,먼지
먼지 상태 어때,먼지
먼지 상태 어떠니,먼지
먼지 상태 어떠냐,먼지
먼지 상태 알려줘,먼지
먼지 상태 알려주라,먼지
먼지는,먼지
먼지 상태는,먼지
먼지는 어때,먼지
먼지 상태는 어때,먼지
먼지는 어떠니,먼지
먼지 상태는 어떠니,먼지
먼지는 어떠냐,먼지
먼지 상태는 어떠냐,먼지
먼지도 알려줘,먼지
먼지도 알려줄래,먼지
먼지 상태도 알려줘,먼지
먼지 좀 알려줘,먼지
먼지 상태 좀 알려줘,먼지
먼지 수치 알려줘,먼지
먼지 수치 어떠니,먼지
먼지 수치 어떠냐,먼지
미세먼지,먼지
미세먼지 상태,먼지
미세먼지 좋니,먼지
미세먼지 어때,먼지
미세먼지 상태 어때,먼지
미세먼지 어떠니,먼지
미세먼지 상태 어떠니,먼지
미세먼지 어떠냐,먼지
미세먼지 상태 어떠냐,먼지
미세먼지 알려줘,먼지
미세먼지 상태 알려줘,먼지
미세먼지 알려주라,먼지
미세먼지 상태 알려주라,먼지
미세먼지도,먼지
미세먼지는,먼지
미세먼지는 어때,먼지
미세먼지는 어떠니,먼지
미세먼지도 알려줘,먼지
미세먼지 수치 어때,먼지
미세먼지 수치 좀 어때,먼지
미세먼지 수치 어떠니,먼지
미세먼지 수치 좀 어떠니,먼지
미세먼지 수치 어떠냐,먼지
미세먼지 수치 좀 어떠냐,먼지
미세먼지 수치 알려줘,먼지
미세먼지 수치 좀 알려줘,먼지
미세먼지 수치 알려주라,먼지
미세먼지 수치 좀 알려주라,먼지
양양 오늘 미세먼지 알려줘,먼지
강릉 오늘 공기 어떠니 알려줄래,먼지
속초의 오늘 미세먼지 어떨까,먼지
오늘 미세먼지 어때,먼지
오늘 미세먼지 상태 어때,먼지
오늘 미세먼지 상태 어떠니,먼지
오늘 미세먼지 상태 어떠냐,먼지
오늘 미세먼지 상태 알려줘,먼지
오늘 미세먼지 상태 알려주라,먼지
오늘 미세먼지 상태 어때보여,먼지
다다음 주 미세먼지 어때보여,먼지
다다음주 미세먼지 어때보여,먼지
오늘 공기상태 알려줘,먼지
오늘 먼지 좀 알려줄래,먼지
이번 주 속초 미세먼지 어때,먼지
미세먼지 어떠니 좋니,먼지
4월 12일 공기 상태 어때,먼지
이번 주 미세먼지 알려줘,먼지
다음 주 먼지 어때,먼지
다음 주 먼지 어떠니,먼지
다음 주 먼지 알려줘,먼지
다음 주 먼지 상태 어때,먼지
다음 주 먼지 상태 어떠니,먼지
다음주 먼지 어때,먼지
다음주 먼지 어떠니,먼지
다음주 먼지 알려줘,먼지
다음주 먼지 상태 어때,먼지
다음주 먼지 상태 어떠니,먼지
이번 주 미세먼지 상태 알려줄래,먼지
이번 주 미세먼지 수치 알려줘,먼지
다음 주 미세먼지 상태 알려줘,먼지
다음 주 공기 상태 알려줘,먼지
다음주 미세먼지 상태 알려줘,먼지
다음주 공기 상태 알려줘,먼지
오늘 미세먼지 알려줘,먼지
주말 미세먼지 알려줘,먼지
이번 주 공기 상태는,먼지
이번 주 광명 미세먼지상태 알려줘,먼지
오늘 하늘 어때,먼지
오늘 하늘 어떰,먼지
오늘 하늘 어떠니,먼지
오늘 하늘 어떤지 알려줘,먼지
오늘 하늘 어떤지 알려주라,먼지
오늘 하늘 상태 어때,먼지
오늘 하늘 상태 어떠니,먼지
오늘 하늘 상태 어떤지 알려줘,먼지
내일 미세먼지 어때,먼지
내일 미세먼지 어떠니,먼지
내일 미세먼지 알려줘,먼지
내일 미세먼지 알려주라,먼지
내일 미세먼지 어떤지 알려줘,먼지
내일 미세먼지 어떤지 알려주라,먼지
내일 하늘 어때,먼지
내일 하늘 어떰,먼지
내일 하늘 어떠니,먼지
내일 하늘 어떤지 알려줘,먼지
내일 하늘 어떤지 알려주라,먼지
내일 하늘 상태 어때,먼지
내일 하늘 상태 어떠니,먼지
내일 하늘 상태 어떤지 알려줘,먼지
내일 하늘 상태는 어때,먼지
내일 하늘 상태는 어떠니,먼지
이번 주 미세먼지 어때,먼지
이번 주 미세먼지 상태 어때,먼지
이번 주 미세먼지 상태는 어때,먼지
다음 주 미세먼지 어때,먼지
다음 주 미세먼지 상태 어때,먼지
다음 주 미세먼지 상태는 어때,먼지
다음주 미세먼지 어때,먼지
다음주 미세먼지 상태 어때,먼지
다음주 미세먼지 상태는 어때,먼지
이번 주 미세먼지 알려줘,먼지
이번 주 미세먼지 상태 알려줘,먼지
이번 주 미세먼지 상태 좀 알려줘,먼지
다음 주 미세먼지 알려줘,먼지
다음 주 미세먼지 상태 알려줘,먼지
다음 주 미세먼지 상태 좀 알려줘,먼지
다음 주 미세먼지 알려줄래,먼지
다음 주 미세먼지 상태 알려줄래,먼지
다음주 미세먼지 알려줘,먼지
다음주 미세먼지 상태 알려줘,먼지
다음주 미세먼지 상태 좀 알려줘,먼지
다음주 미세먼지 알려줄래,먼지
다음주 미세먼지 상태 알려줄래,먼지
이번 주 미세먼지 상태 알려줘,먼지
이번 주 미세먼지 어떤지 알려줘,먼지
다음 주 미세먼지 어떤지 알려줘,먼지
다음주 미세먼지 어떤지 알려줘,먼지
이번 주 미세먼지 어떤지 알려주라,먼지
다음 주 미세먼지 어떤지 알려주라,먼지
다음주 미세먼지 어떤지 알려주라,먼지
오늘 미세먼지좀 알려줄래,먼지
내일 미세먼지 알려줘,먼지
내일 미세먼지 상태 알려줘,먼지
다음 주 논산 미세먼지 알려줘,먼지
다음주 논산 미세먼지 알려줘,먼지
3월 15일 미세먼지 알려줘,먼지
9월 12일 대구 미세먼지 알려줄래,먼지
미세먼지 좀 알려줄 수 있겠니,먼지
공기 상태 좋아,먼지
마스크,먼지
마스크 쓸까,먼지
마스크 써야하니,먼지
마스크 써야할까,먼지
마스크 필요해,먼지
마스크 필요하니,먼지
마스크 필요할까,먼지
내일 안산 마스크 쓰는게 좋니,먼지
오늘 영등포 마스크 써야할까,먼지
인천 마스크 써야할까,먼지
목포 마스크 쓰는 게 좋니,먼지
내일 속초 공기 상태 보면 마스크 써야하니,먼지
공기 상태 어떠니,먼지
내일 공기 상태 알려주라,먼지
모레 부산 공기 상태 알려줘,먼지
모레 오산 공기 상태 알려줘,먼지
오늘 공기 상태 뭐야,먼지
모레 전주 공기 상태 뭐야,먼지
인천 다음 주 미세먼지 알려줘,먼지
인천 다음주 미세먼지 알려줘,먼지
이번 주 보령 미세먼지 줘,먼지
하늘 어때,먼지
하늘 어떠니,먼지
하늘 상태 어때,먼지
영월 미세먼지 좋니,먼지
포항 하늘 좋아,먼지
양양 오늘 미세먼지 알려줘,먼지
속초의 오늘 미세먼지 어떨까,먼지
다다음 주 미세먼지 어때보여,먼지
글피 하늘 어때,먼지
글피 먼지 알려줘,먼지
인천 공기 어때,먼지
인천 공기 어떰,먼지
인천 공기 어떠니,먼지
인천 공기 어떠냐,먼지
인천 공기 어떤데,먼지
인천 공기 알려줘,먼지
인천 공기 알려주라,먼지
미추홀 구 공기 어때,먼지
미추홀 구 공기 어떠니,먼지
미추홀 구 공기 어떠냐,먼지
미추홀 구 공기 알려줘,먼지
미추홀 구 공기 알려주라,먼지
미추홀 구 먼지 어때,먼지
미추홀 구 먼지 어떠냐,먼지
미추홀 구 먼지 어떠니,먼지
미추홀 구 먼지 알려줘,먼지
미추홀 구 먼지 알려주라,먼지
인천 미세먼지 어때,먼지
인천 미세먼지 어떠니,먼지
인천 미세먼지 어떤데,먼지
인천 미세먼지 알려줘,먼지
미추홀 구 미세먼지 어때,먼지
미추홀 구 미세먼지 어떠니,먼지
미추홀 구 미세먼지 어떤데,먼지
미추홀 구 미세먼지 알려줘,먼지
미추홀 구 미세먼지 알려주라,먼지
서울 미세먼지 어때,먼지
서울 미세먼지 어떠니,먼지
서울 미세먼지 어떠냐,먼지
서울 미세먼지 어때보여,먼지
서울 미세먼지 알려줘,먼지
오늘 공기상태 알려줘,먼지
오늘 먼지 좀 알려줄래,먼지
다음 달 오산 미세먼지 어떨까,먼지
다음 주 논산 하늘 맑은지 알려줘,먼지
다음주 논산 하늘 맑은지 알려줘,먼지
3월 15일 하늘 맑니,먼지
9월 12일 대구 먼지상태 알려줄래,먼지
미세먼지 상태 좀 알려줄 수 있겠니,먼지
9월 12일 대구 먼지상태 알려줄래,먼지
미세먼지 상태 좀 알려줄 수 있겠니,먼지
미세먼지 어떠니 좋니,먼지
오늘 하늘 좋니,먼지
내일 미세먼지 알려줘,먼지
내일 부산 미세먼지 알려줄래,먼지
다음 주 논산 하늘 맑은지 알려줘요,먼지
다음주 논산 하늘 맑은지 알려줘요,먼지
3월 15일 먼지 상태 알려줘요,먼지
9월 12일 대구 공기 상태 알려줄래요,먼지
이번 주 토요일 미세먼지 어때요,먼지
내일 미세먼지 어때요,먼지
이번 주 미세먼지 어때요,먼지
다음 주 미세먼지 어때요,먼지
다음주 미세먼지 어때요,먼지
미세먼지 어떻게 돼요,먼지
오늘 미세먼지좀 알려줄수 있나요,먼지
내일 미세먼지 알려줄수 있어요,먼지
이번 주 미세먼지 어때보여,먼지
다음 주 미세먼지 어때보여,먼지
다음주 미세먼지 어때보여,먼지
이번 주 미세먼지 알려줄래요,먼지
다음 주 미세먼지 알려줘요,먼지
다음주 미세먼지 알려줘요,먼지
오늘 미세먼지 알려주라요,먼지
이번 주 전주 미세먼지 알려줘요,먼지
이번 주 미세먼지 알려줘요,먼지
미세먼지 좋아요,먼지
미세먼지 어떤지 말해줄수 있을까요,먼지
오늘 미세먼지 어때요,먼지
4월 12일 미세먼지 어때요,먼지
이번 주 토요일 미세먼지 어때요,먼지
오늘 미세먼지 어떠니,먼지
오늘 미세먼지 어떠냐,먼지
오늘 미세먼지 알려주라,먼지
오늘 미세먼지 알려줘요,먼지
오늘 미세먼지좀 알려줄래요,먼지
지금 공기 어때,먼지
지금 공기 어떠냐,먼지
지금 공기 어떠니,먼지
지금 공기 알려줘,먼지
지금 공기 알려주라,먼지
지금 공기 알려주세요,먼지
지금 미세먼지 어때,먼지
지금 미세먼지 어떠냐,먼지
지금 미세먼지 어떠니,먼지
지금 미세먼지 알려줘,먼지
지금 미세먼지 알려주라,먼지
지금 미세먼지 알려줘요,먼지
내일 미세먼지 알려줘요,먼지
이번 주 미세먼지 알려줘요,먼지
이번 주 하늘 맑은지는요,먼지
이번 주 광명 하늘 맑은지 알려줘요,먼지
9월 12일 대구 공기 상태 알려줄래요,먼지
공기 상태 좀 알려줄 수 있겠니,먼지
공기 상태 어떠니 좋니,먼지
오늘 공기 상태 좋니,먼지
오늘 마스크 써야하니,먼지
오늘 마스크 써야할까,먼지
내일 마스크 써야하니,먼지
내일 마스크 써야할까,먼지
마스크 써야 해,먼지
마스크 쓸까,먼지
마스크 쓰기 싫은데 써야할까,먼지
완산구 마스크 써야할까,먼지
경주 공기 상태 좋아,먼지
공기 상태 어떤지 말해줄수 있을까,먼지
마스크 써야 해,먼지
마스크 쓰는게 좋니,먼지
마스크 쓰는 것이 좋을까,먼지
내일 공기 상태 알려줄수 있어,먼지
오늘 공기 상태좀 알려줄래,먼지
내일 공기 상태 알려줘,먼지
이번 주 공기 상태 알려줘,먼지
이번 주 공기 상태는,먼지
이번 주 광명 공기 상태 알려줘,먼지
이번 주 울산 공기 상태 알려줘,먼지
내일 공기 상태 알려줘,먼지
오늘 공기 상태 알려주라,먼지
이번 주 전주 공기 상태 알려줘,먼지
다음 주 전주 공기 상태 알려줘,먼지
다음주 전주 공기 상태 알려줘,먼지
이번 주 인천 공기 상태 알려줘,먼지
이번 주 미추홀 구 공기 상태 알려줘,먼지
공기 상태 좋아,먼지
마스크 쓰는 게 좋니,먼지
마스크를 써야 할까,먼지
내일 제주 공기 상태 보면 마스크 써야하니,먼지
내일 공기 상태 알려줄수 있어,먼지
이번 주 공기 상태 알려줄래,먼지
이번 주 먼지 상태 알려줄래,먼지
다음 주 먼지 상태 알려줄래,먼지
다음주 먼지 상태 알려줄래,먼지
다음 주 공기 상태 알려줘,먼지
다음주 공기 상태 알려줘,먼지
이번 주 공기 상태 알려줘,먼지
이번 주 공기 상태 알려줘요,먼지
다음 주 공기 상태 알려줄래요,먼지
다음주 공기 상태 알려줄래요,먼지
내일 부산 공기 상태 알려줄래요,먼지
다음 주 논산 공기 상태 알려줘요,먼지
다음주 논산 공기 상태 알려줘요,먼지
3월 15일 공기 상태 알려줘요,먼지
9월 12일 대구 공기 상태 알려줄래요,먼지
다음 주 미세먼지 어때요,먼지
다음주 미세먼지 어때요,먼지
오늘 마스크 써야하은가요,먼지
내일 마스크 써야하나요,먼지
마스크 써야 해요,먼지
이번 주 미세먼지 알려줄래요,먼지
이번 주 미세먼지 알려줘요,먼지
다음 주 미세먼지 알려줄래요,먼지
다음주 미세먼지 알려줄래요,먼지
공기 상태 좀 알려줄 수 있겠나요,먼지
공기 상태 어떠니 좋나요,먼지
오늘 공기 상태 좋나요,먼지
공기 상태 좋아요,먼지
공기 상태 어떤지 말해줄수 있을까요,먼지
오늘 공기 상태 어때,먼지
4월 12일 공기 상태 어때요,먼지
이번 주 토요일 공기 상태 어때요,먼지
내일 공기 상태 어때요,먼지
오늘 마스크 써야하나요,먼지
내일 마스크 써야하나요,먼지
마스크 써야 해요,먼지
마스크 쓸까요,먼지
마스크 쓰는게 좋나요,먼지
마스크 쓰는 것이 좋을까요,먼지
오늘 대전 마스크 써야할까요,먼지
마스크 쓰는 게 좋나요,먼지
마스크를 써야 할까요,먼지
내일 제주 공기 상태 보면 마스크 써야하나요,먼지
오늘 대전에서 마스크 쓸까요,먼지
마스크 쓰기 싫은데 써야할까요,먼지
마스크 써야할까요,먼지
이번 주 공기 상태 어때요,먼지
다음 주 공기 상태 어때요,먼지
다음주 공기 상태 어때요,먼지
다음 주 공기 상태 어때,먼지
다음주 공기 상태 어때,먼지
공기 상태 어떻게 돼요,먼지
오늘 공기 상태좀 알려줄수 있나요,먼지
내일 공기 상태 알려줄수 있어요,먼지
이번 주 공기 상태 알려줄래요,먼지
다음 주 공기 상태 알려줘요,먼지
다음주 공기 상태 알려줘요,먼지
이번 주 공기 상태 줘요,먼지
다음 주 공기 상태 알려줄래요,먼지
다음주 공기 상태 알려줄래요,먼지
오늘 공기 상태 알려줘,먼지
오늘 공기 상태 알려줘요,먼지
오늘 공기 상태좀 알려줄래요,먼지
내일 공기 상태 알려줘요,먼지
이번 주 공기 상태는요,먼지
이번 주 광명 공기 상태 알려줘요,먼지
이번 주 울산 공기 상태 알려줘요,먼지
내일 공기 상태 알려줘요,먼지
오늘 공기 상태 알려주라,먼지
이번 주 전주 공기 상태 알려줘요,먼지
내일 부산 공기 상태 알려줄래요,먼지
다음 주 논산 공기 상태 알려줘요,먼지
다음주 논산 공기 상태 알려줘요,먼지
3월 15일 공기 상태 알려줘요,먼지
9월 12일 대구 공기 상태 알려줄래요,먼지
오늘 공기 상태 좋나요,먼지
공기 상태 어떤지 말해줄수 있을까요,먼지
이번 주 공기 상태 알려줄래요,먼지
이번 주 공기 상태 줘요,먼지
다음 주 공기 상태 알려줄래요,먼지
다음주 공기 상태 알려줄래요,먼지
오늘 공기 상태 알려줘요,먼지
내일 공기 상태 알려줘요,먼지
이번 주 공기 상태는요,먼지
오늘 마스크 써야하나요,먼지
내일 마스크 써야하나요,먼지
마스크 써야 해요,먼지
구로구 마스크 쓸까요,먼지
미추홀 구 마스크 필요해,먼지
미추홀 구 마스크 필요하니,먼지
미추홀 구 마스크 필요하냐,먼지
미추홀 구 마스크 쓸까,먼지
미추홀 구 마스크 쓸까요,먼지
신촌마스크 쓰는게 좋나요,먼지
마스크 쓰는 것이 좋을까요,먼지
오늘 영등포 마스크 써야할까요,먼지
마스크 쓰는 게 좋나요,먼지
마스크를 써야 할까요,먼지
내일 제주 공기 상태 보면 마스크 써야하나요,먼지
오늘 대전에서 마스크 쓸까요,먼지
마스크 쓰기 싫은데 써야할까요,먼지
인천 마스크 써야할까요,먼지
이번 주 광명 공기 상태 알려줘요,먼지
이번 주 울산 공기 상태 알려줘요,먼지
내일 공기 상태 알려줘요,먼지
오늘 공기 상태 알려주라요,먼지
이번 주 전주 공기 상태 알려줘요,먼지
내일 부산 공기 상태 알려줄래요,먼지
다음 주 논산 공기 상태 알려줘요,먼지
다음주 논산 공기 상태 알려줘요,먼지
3월 15일 공기 상태 알려줘요,먼지
9월 12일 대구 공기 상태 알려줄래요,먼지
오늘 공기 상태 좋나요,먼지
공기 상태 어떤지 말해줄수 있을까요,먼지
오늘 공기 상태 어때요,먼지
4월 12일 공기 상태 어때요,먼지
이번 주 토요일 공기 상태 어때요,먼지
이번 주 공기 상태 어때,먼지
이번 주 공기 상태 어떠니,먼지
이번 주 공기 상태 어떠냐,먼지
다음 주 공기 상태 어떠니,먼지
다음주 공기 상태 어떠니,먼지
다음 주 공기 상태 어떠냐,먼지
다음주 공기 상태 어떠냐,먼지
오늘 공기 상태좀 알려줄수 있나요,먼지
내일 공기 상태 알려줄수 있어요,먼지
이번 주 공기 상태 알려줄래요,먼지
마스크 필요해,먼지
마스크 필요하니,먼지
마스크 필요하냐,먼지
마스크 필요할까,먼지
오늘 마스크 필요해,먼지
오늘 마스크 필요하니,먼지
오늘 마스크 필요하냐,먼지
오늘 마스크 써야하나요,먼지
오늘 마스크 필요할까,먼지
내일 마스크 필요해,먼지
내일 마스크 필요하니,먼지
내일 마스크 필요하냐,먼지
내일 마스크 필요할까,먼지
내일 마스크 써야하나요,먼지
이번 주 마스크 써야할까,먼지
다음주 마스크 써야할까,먼지
마스크 써야 해요,먼지
마스크 쓸까,먼지
마스크 쓸까요,먼지
마스크 써야할까,먼지
마스크 쓰는게 좋나요,먼지
마스크 쓰는 것이 좋을까요,먼지
다음 달 공기 상태 어떨까요,먼지
다음 주 공기 상태 어때보여요,먼지
다음주 공기 상태 어때보여요,먼지
내일 공기 상태 알려줘요,먼지
오늘 공기 상태 알려주라요,먼지
이번 주 전주 공기 상태 알려줘요,먼지
이번 주 공기 상태 알려줘요,먼지
내일 부산 공기 상태 알려줄래요,먼지
다음 주 논산 공기 상태 알려줘요,먼지
다음주 논산 공기 상태 알려줘요,먼지
3월 15일 하늘 맑은지 알려줘요,먼지
9월 12일 대구 공기 상태 알려줄래요,먼지
공기 상태 좀 알려줄 수 있겠은가요,먼지
공기 상태 어떠니 좋은가요,먼지
오늘 공기 상태 좋은가요,먼지
공기 상태 어떤지 말해줄수 있을까요,먼지
4월 12일 공기 상태 어때요,먼지
이번 주 토요일 공기 상태 어때요,먼지
내일 공기 상태 어때요,먼지
내일 공기 상태 알려줘요,먼지
내일 대구 공기 상태 알려줘요,먼지
내일 부산 하늘 맑은지 알려줘요,먼지
오늘 금천구 공기 상태는요,먼지
고령 공기 상태요,먼지
나주 공기 상태 말해줄래요,먼지
서울 공기 어때,먼지
서울 공기 어떠니,먼지
서울 공기 어떠냐,먼지
서울 공기 알려줘,먼지
이번 주 서울 공기 상태 줘요,먼지
서울 다음 주 공기 상태 알려줄래요,먼지
서울 다음주 공기 상태 알려줄래요,먼지
부안 공기 상태 어떻게 돼요,먼지
오늘 서천 공기 상태 좀 알려줄수 있나요,먼지
내일 공기 상태 영덕 알려줄수 있어요,먼지
이번 주 가로수길 하늘 맑은지 알려줄래요,먼지
경주 다음 주 미세먼지 알려줄래요,먼지
경주 다음주 미세먼지 알려줄래요,먼지
오늘 광주 공기 맑니,먼지
내일 서울 공기 좋니,먼지
내일 부산 공기 맑니,먼지
여행,여행지
여행지,여행지
여행지 알려줘,여행지
여행지 알려주라,여행지
여행지 알려주세요,여행지
여행지 추천해줘,여행지
여행지 추천해주라,여행지
여행지 추천해주세요,여행지
여행지 있니,여행지
여행지 있냐,여행지
여행지 어디있니,여행지
여행지 어디있냐,여행지
여행지 가고싶어,여행지
바다,여행지
산,여행지
등산,여행지
등산할만한,여행지
등산하기 좋은,여행지
계곡,여행지
쇼핑,여행지
단풍,여행지
쇼핑할 수 있는,여행지
쇼핑할만한,여행지
사진,여행지
인생사진,여행지
사진찍기 좋은,여행지
사진찍을만한,여행지
사진찍기 좋은 여행지,여행지
사진찍을만한 여행지,여행지
인생사진 찍기 좋은,여행지
인생사진 찍을 수 있는,여행지
인생사진 찍을만한,여행지
인생사진 찍기 좋은 여행지,여행지
인생사진 찍을 수 있는 여행지,여행지
인생사진 찍을만한 여행지,여행지
서핑,여행지
온천,여행지
스파,여행지
조용한,여행지
바다있는,여행지
바다가 있는,여행지
바다가 유명한,여행지
바다가 깨끗한,여행지
바다있는 여행지,여행지
바다가 있는 여행지,여행지
바다가 유명한 여행지,여행지
바다가 깨끗한 여행지,여행지
서핑할 수 있는,여행지
서핑할만한,여행지
서핑하기 좋은,여행지
서핑할만한 여행지,여행지
물놀이 할 수 있는,여행지
물놀이 할 수 있는 여행지,여행지
물놀이할만한,여행지
물놀이할만한 여행지,여행지
등산할 수 있는,여행지
등산할 수 있는 여행지,여행지
등산하기 좋은 여행지,여행지
등산할만한 여행지,여행지
쇼핑할 수 있는 여행지,여행지
쇼핑할만한 여행지,여행지
쇼핑이 유명한,여행지
쇼핑이 유명한 여행지,여행지
바다 있는 여행지 알려줘,여행지
바다 있는 여행지 알려주라,여행지
바다 있는 여행지 알려주세요,여행지
바다 있는 여행지 추천해줘,여행지
바다 있는 여행지 추천해주세요,여행지
바다 있는 여행지 어디있니,여행지
바다 있는 여행지 어디있냐,여행지
바다 있는 여행지 가고싶어,여행지
바다가 있는 여행지 알려줘,여행지
바다가 있는 여행지 알려주세요,여행지
바다가 있는 여행지 추천해줘,여행지
바다가 있는 여행지 추천해주세요,여행지
바다가 있는 여행지 어디있니,여행지
바다가 있는 여행지 어디있냐,여행지
바다가 있는 여행지 가고싶어,여행지
바다가 유명한 여행지 알려줘,여행지
바다가 유명한 여행지 알려주세요,여행지
바다가 유명한 여행지 추천해줘,여행지
바다가 유명한 여행지 어디있니,여행지
바다가 유명한 여행지 어디있냐,여행지
바다가 유명한 여행지 가고싶어,여행지
물놀이 할 수 있는 여행지 알려줘,여행지
물놀이 할 수 있는 여행지 알려주세요,여행지
물놀이 할 수 있는 여행지 추천해줘,여행지
물놀이 할 수 있는 여행지 추천해주세요,여행지
물놀이 할 수 있는 여행지 어디있니,여행지
물놀이 할 수 있는 여행지 어디있냐,여행지
물놀이 할 수 있는 여행지 가고싶어,여행지
서핑할 수 있는 여행지 알려줘,여행지
서핑할 수 있는 여행지 알려주라,여행지
서핑할 수 있는 여행지 알려주세요,여행지
서핑할 수 있는 여행지 추천해줘,여행지
서핑할 수 있는 여행지 추천해주세요,여행지
서핑할 수 있는 여행지 어디있니,여행지
서핑할 수 있는 여행지 어디있냐,여행지
서핑할 수 있는 여행지 가고싶어,여행지
서핑하기 좋은 여행지 알려줘,여행지
서핑하기 좋은 여행지 알려주라,여행지
서핑하기 좋은 여행지 추천해줘,여행지
서핑하기 좋은 여행지 추천해주세요,여행지
서핑하기 좋은 여행지 어디있니,여행지
서핑하기 좋은 여행지 가고싶어,여행지
바다가 깨끗한 여행지 알려줘,여행지
바다가 깨끗한 여행지 알려주세요,여행지
바다가 깨끗한 여행지 추천해줘,여행지
바다가 깨끗한 여행지 추천해주세요,여행지
바다가 깨끗한 여행지 어디있니,여행지
바다가 깨끗한 여행지 어디있냐,여행지
바다가 깨끗한 여행지 가고싶어,여행지
등산할 수 있는 여행지 알려줘,여행지
등산할 수 있는 여행지 알려주세요,여행지
등산할 수 있는 여행지 추천해줘,여행지
등산할 수 있는 여행지 추천해주세요,여행지
등산할 수 있는 여행지 어디있니,여행지
등산할 수 있는 여행지 어디있냐,여행지
등산할 수 있는 여행지 가고싶어,여행지
등산하기 좋은 여행지 알려줘,여행지
등산하기 좋은 여행지 알려주라,여행지
등산하기 좋은 여행지 추천해줘,여행지
등산하기 좋은 여행지 추천해주세요,여행지
등산하기 좋은 여행지 어디있니,여행지
등산하기 좋은 여행지 어디있냐,여행지
등산하기 좋은 여행지 가고싶어,여행지
사진찍기 좋은 여행지 알려줘,여행지
사진찍기 좋은 여행지 알려주라,여행지
사진찍기 좋은 여행지 추천해줘,여행지
사진찍기 좋은 여행지 추천해주세요,여행지
사진찍기 좋은 여행지 어디있니,여행지
사진찍기 좋은 여행지 가고싶어,여행지
패러글라이딩 할 수 있는 여행지 알려줘,여행지
패러글라이딩 할 수 있는 여행지 알려주라,여행지
패러글라이딩 할 수 있는 여행지 알려주세요,여행지
패러글라이딩 할 수 있는 여행지 추천해줘,여행지
패러글라이딩 할 수 있는 여행지 추천해주세요,여행지
패러글라이딩 할 수 있는 여행지 어디있니,여행지
패러글라이딩 할 수 있는 여행지 어디있냐,여행지
패러글라이딩 할 수 있는 여행지 가고싶어,여행지
패러글라이딩 하기 좋은 여행지 알려줘,여행지
패러글라이딩 하기 좋은 여행지 알려주라,여행지
패러글라이딩 하기 좋은 여행지 추천해줘,여행지
패러글라이딩 하기 좋은 여행지 추천해주세요,여행지
패러글라이딩 하기 좋은 여행지 어디있니,여행지
패러글라이딩 하기 좋은 여행지 가고싶어,여행지
조용한 계곡 알려줘,여행지
조용한 계곡 알려주라,여행지
조용한 계곡 알려주세요,여행지
조용한 계곡 추천해줘,여행지
조용한 계곡 추천해주라,여행지
조용한 계곡 추천해주세요,여행지
조용한 계곡 어디있니,여행지
조용한 계곡 어디있냐,여행지
조용한 계곡 가고싶어,여행지
사진찍기 좋은 바다 알려줘,여행지
사진찍기 좋은 바다 알려주라,여행지
사진찍기 좋은 바다 알려주세요,여행지
사진찍기 좋은 바다 추천해줘,여행지
사진찍기 좋은 바다 추천해주세요,여행지
사진찍기 좋은 바다 어디있니,여행지
사진찍기 좋은 바다 어디있냐,여행지
사진찍기 좋은 바다 가고싶어,여행지
바다가 유명한 여행지 알려줘,여행지
바다가 유명한 여행지 알려주라,여행지
바다가 유명한 여행지 알려주세요,여행지
바다가 유명한 여행지 추천해줘,여행지
바다가 유명한 여행지 추천해줘,여행지
바다가 유명한 여행지 가고싶어,여행지
등산할만한 여행지 알려줘,여행지
등산할만한 여행지 알려주라,여행지
등산할만한 여행지 알려주세요,여행지
등산할만한 여행지 추천해줘,여행지
등산할만한 여행지 추천해주세요,여행지
등산할만한 여행지 어디있니,여행지
등산할만한 여행지 어디있냐,여행지
등산할만한 여행지 가고싶어,여행지
서핑할만한 여행지 알려줘,여행지
서핑할만한 여행지 알려주라,여행지
서핑할만한 여행지 알려주세요,여행지
서핑할만한 여행지 추천해줘,여행지
서핑할만한 여행지 추천해주세요,여행지
서핑할만한 여행지 어디있니,여행지
서핑할만한 여행지 어디있냐,여행지
서핑할만한 여행지 가고싶어,여행지
패러글라이딩 할만한 여행지 알려줘,여행지
패러글라이딩 할만한 여행지 알려주라,여행지
패러글라이딩 할만한 여행지 알려주세요,여행지
패러글라이딩 할만한 여행지 추천해줘,여행지
패러글라이딩 할만한 여행지 추천해주세요,여행지
패러글라이딩 할만한 여행지 어디있니,여행지
패러글라이딩 할만한 여행지 어디있냐,여행지
패러글라이딩 할만한 여행지 가고싶어,여행지
사진찍을만한 여행지 알려줘,여행지
사진찍을만한 여행지 알려주라,여행지
사진찍을만한 여행지 알려주세요,여행지
사진찍을만한 여행지 추천해줘,여행지
사진찍을만한 여행지 추천해주세요,여행지
사진찍을만한 여행지 어디있니,여행지
사진찍을만한 여행지 어디있냐,여행지
사진찍을만한 여행지 가고싶어,여행지
계곡이 유명한 여행지 알려줘,여행지
계곡이 유명한 여행지 알려주라,여행지
계곡이 유명한 여행지 알려주세요,여행지
계곡이 유명한 여행지 추천해줘,여행지
계곡이 유명한 여행지 추천해주세요,여행지
계곡이 유명한 여행지 어디있니,여행지
계곡이 유명한 여행지 어디있냐,여행지
계곡이 유명한 여행지 가고싶어,여행지
쇼핑할 수 있는 여행지 알려줘,여행지
쇼핑할 수 있는 여행지 알려주라,여행지
쇼핑할 수 있는 여행지 알려주세요,여행지
쇼핑할 수 있는 여행지 추천해줘,여행지
쇼핑할 수 있는 여행지 추천해주세요,여행지
쇼핑할 수 있는 여행지 어디있니,여행지
쇼핑할 수 있는 여행지 어디있냐,여행지
쇼핑할 수 있는 여행지 가고싶어,여행지
대게가 유명한 여행지 알려줘,여행지
대게가 유명한 여행지 알려주라,여행지
대게가 유명한 여행지 알려주세요,여행지
대게가 유명한 여행지 추천해줘,여행지
대게가 유명한 여행지 추천해주세요,여행지
대게가 유명한 여행지 어디있니,여행지
대게가 유명한 여행지 어디있냐,여행지
소고기 유명한 여행지 알려줘,여행지
소고기 유명한 여행지 알려주세요,여행지
소고기 유명한 여행지 추천해줘,여행지
소고기 유명한 여행지 어디있니,여행지
산이 유명한 여행지 알려줘,여행지
산이 유명한 여행지 알려주라,여행지
산이 유명한 여행지 알려주세요,여행지
산이 유명한 여행지 추천해줘,여행지
산이 유명한 여행지 추천해주세요,여행지
산이 유명한 여행지 어디있니,여행지
산이 유명한 여행지 어디있냐,여행지
많이 찾는,여행지
많이 찾는 여행지,여행지
외국인이 많이 찾는 여행지,여행지
인생사진 찍기 좋은 여행지 알려줘,여행지
인생사진 찍기 좋은 여행지 알려주라,여행지
인생사진 찍기 좋은 여행지 알려주세요,여행지
인생사진 찍기 좋은 여행지 추천해줘,여행지
인생사진 찍기 좋은 여행지 추천해주세요,여행지
인생사직 찍기 좋은 여행지 어디있니,여행지
인생사진 찍기 좋은 여행지 어디있냐,여행지
인생사진 찍기 좋은 여행지 가고싶어,여행지
인생사진 찍을만한 여행지 알려줘,여행지
인생사진 찍을만한 여행지 알려주라,여행지
인생사진 찍을만한 여행지 알려주세요,여행지
인생사진 찍을만한 여행지 추천해줘,여행지
인생사진 찍을만한 여행지 추천해주세요,여행지
인생사진 찍을만한 여행지 어디있니,여행지
인생사진 찍을만한 여행지 어디있냐,여행지
인생사진 찍을만한 여행지 가고싶어,여행지
봄에 갈만한 여행지,여행지
여름에 갈만한 여행지,여행지
가을에 갈만한 여행지,여행지
겨울에 갈만한 여행지,여행지
봄에 가봐야 하는 여행지,여행지
여름에 가봐야 하는 여행지,여행지
가을에 가봐야 하는 여행지,여행지
겨울에 가봐야 하는 여행지,여행지
봄에 가면 좋은 여행지,여행지
여름에 가면 좋은 여행지,여행지
가을에 가면 좋은 여행지,여행지
겨울에 가면 좋은 여행지,여행지
꽃이 이쁜 여행지,여행지
꽃이 많은 여행지,여행지
꽃이 유명한 여행지,여행지
봄에 유명한 여행지,여행지
여름에 유명한 여행지,여행지
가을에 유명한 여행지,여행지
겨울에 유명한 여행지,여행지
봄에 갈만한 여행지 알려줘,여행지
봄에 가봐야 하는 여행지 알려줘,여행지
봄에 가면 좋은 여행지 알려줘,여행지
꽃이 이쁜 여행지 알려줘,여행지
꽃이 많은 여행지 알려줘,여행지
꽃이 유명한 여행지 알려줘,여행지
봄에 유명한 여행지 알려줘,여행지
봄에 갈만한 여행지 알려주라,여행지
봄에 가봐야 하는 여행지 알려주라,여행지
봄에 가면 좋은 여행지 알려주라,여행지
꽃이 이쁜 여행지 알려주라,여행지
꽃이 많은 여행지 알려주라,여행지
꽃이 유명한 여행지 알려주라,여행지
봄에 유명한 여행지 알려주라,여행지
봄에 갈만한 여행지 추천해줘,여행지
봄에 가봐야 하는 여행지 추천해줘,여행지
봄에 가면 좋은 여행지 추천해줘,여행지
꽃이 이쁜 여행지 추천해줘,여행지
꽃이 많은 여행지 추천해줘,여행지
꽃이 유명한 여행지 추천해줘,여행지
봄에 유명한 여행지 추천해줘,여행지
봄에 갈만한 여행지 추천해주세요,여행지
봄에 가봐야 하는 여행지 추천해주세요,여행지
봄에 가면 좋은 여행지 추천해주세요,여행지
꽃이 이쁜 여행지 추천해주세요,여행지
꽃이 많은 여행지 추천해주세요,여행지
꽃이 유명한 여행지 추천해주세요,여행지
봄에 유명한 여행지 추천해주세요,여행지
여름에 갈만한 여행지 알려줘,여행지
여름에 가볼만한 여행지 알려줘,여행지
여름에 가봐야 하는 여행지 알려줘,여행지
여름에 가면 좋은 여행지 알려줘,여행지
여름에 갈만한 여행지 알려주라,여행지
여름에 가볼만한 여행지 알려주라,여행지
여름에 가봐야 하는 여행지 알려주라,여행지
여름에 가면 좋은 여행지 알려주라,여행지
여름에 갈만한 여행지 추천해줘,여행지
여름에 가볼만한 여행지 추천해줘,여행지
여름에 가봐야 하는 여행지 추천해줘,여행지
여름에 가면 좋은 여행지 추천해줘,여행지
가을에 갈만한 여행지 알려줘,여행지
가을에 가볼만한 여행지 알려줘,여행지
가을에 가봐야 하는 여행지 알려줘,여행지
가을에 가면 좋은 여행지 알려줘,여행지
가을에 갈만한 여행지 알려주라,여행지
가을에 가볼만한 여행지 알려주라,여행지
가을에 가봐야 하는 여행지 알려주라,여행지
가을에 가면 좋은 여행지 알려주라,여행지
가을에 갈만한 여행지 추천해줘,여행지
가을에 가볼만한 여행지 추천해줘,여행지
가을에 가봐야 하는 여행지 추천해줘,여행지
가을에 가면 좋은 여행지 추천해줘,여행지
겨울에 갈만한 여행지 알려줘,여행지
겨울에 가볼만한 여행지 알려줘,여행지
겨울에 가봐야 하는 여행지 알려줘,여행지
겨울에 가면 좋은 여행지 알려줘,여행지
겨울에 갈만한 여행지 알려주라,여행지
겨울에 가볼만한 여행지 알려주라,여행지
겨울에 가봐야 하는 여행지 알려주라,여행지
겨울에 가면 좋은 여행지 알려주라,여행지
겨울에 갈만한 여행지 추천해줘,여행지
겨울에 가볼만한 여행지 추천해줘,여행지
겨울에 가봐야 하는 여행지 추천해줘,여행지
겨울에 가면 좋은 여행지 추천해줘,여행지
온천이 유명한,여행지
스파가 유명한,여행지
온천할만한,여행지
스파할만한,여행지
온천할 수 있는,여행지
스파할 수 있는,여행지
온천이 유명한 여행지,여행지
스파가 유명한 여행지,여행지
온천할만한 여행지,여행지
스파할만한 여행지,여행지
온천이 유명한 여행지 알려줘,여행지
스파가 유명한 여행지 알려줘,여행지
온천할만한 여행지 알려줘,여행지
스파할만한 여행지 알려줘,여행지
온천할 수 있는 여행지 알려줘,여행지
스파할 수 있는 여행지 알려줘,여행지
온천이 유명한 여행지 알려주라,여행지
스파가 유명한 여행지 알려주라,여행지
온천할만한 여행지 알려주라,여행지
스파할만한 여행지 알려주라,여행지
온천할 수 있는 여행지 알려주라,여행지
스파할 수 있는 여행지 알려주라,여행지
온천이 유명한 여행지 추천해줘,여행지
스파가 유명한 여행지 추천해줘,여행지
온천할만한 여행지 추천해줘,여행지
스파할만한 여행지 추천해줘,여행지
온천할 수 있는 여행지 추천해줘,여행지
스파할 수 있는 여행지 추천해줘,여행지
온천이 유명한 여행지 추천해주세요,여행지
스파가 유명한 여행지 추천해주세요,여행지
온천할만한 여행지 추천해주세요,여행지
스파할만한 여행지 추천해주세요,여행지
온천할 수 있는 여행지 추천해주세요,여행지
스파할 수 있는 여행지 추천해주세요,여행지
관광,관광지
관광지,관광지
유명관광지,관광지
명소,관광지
야경,관광지
관광지 알려줘,관광지
유명관광지 알려줘,관광지
명소 알려줘,관광지
관광지 알려주라,관광지
유명관광지 알려주라,관광지
명소 알려주라,관광지
관광지 알려주세요,관광지
유명관광지 알려주세요,관광지
명소 알려주세요,관광지
관광지 추천해줘,관광지
유명관광지 추천해줘,관광지
명소 추천해줘,관광지
관광지 추천해주세요,관광지
유명관광지 추천해주세요,관광지
명소 추천해주세요,관광지
관광할만한,관광지
관광할만한 곳,관광지
관광할만한 관광지,관광지
관광할만한 명소,관광지
볼거리,관광지
볼만한,관광지
볼만한 곳,관광지
볼만한 관광지,관광지
볼만한 명소,관광지
가볼만한,관광지
가볼만한 곳,관광지
가볼만한 관광지,관광지
가볼만한 명소,관광지
갈만한,관광지
갈만한 곳,관광지
갈만한 관광지,관광지
갈만한 명소,관광지
가기좋은,관광지
가기좋은 곳,관광지
가기좋은 관광지,관광지
가기좋은 명소,관광지
가봐야 하는,관광지
가봐야 하는 곳,관광지
가봐야 하는 관광지,관광지
가봐야 하는 명소,관광지
구경,관광지
구경할만한,관광지
구경할만한 곳,관광지
구경하기 좋은,관광지
구경하기 좋은 곳,관광지
구경할만한 관광지,관광지
겨경할만한 명소,관광지
구경하기 좋은 관광지,관광지
구경하기 좋은 명소,관광지
놀만한,관광지
놀만한 곳,관광지
놀기좋은,관광지
놀기좋은 곳,관광지
놀만한 관광지,관광지
놀기좋은 관광지,관광지
가까운,관광지
가까운 곳,관광지
가까운 관광지,관광지
가까운 명소,관광지
꼭 들려야 하는,관광지
꼭 들려야 하는 관광지,관광지
꼭 들려야 하는 명소,관광지
관광할만한 관광지 알려줘,관광지
볼만한 관광지 알려줘,관광지
가볼만한 관광지 알려줘,관광지
갈만한 관광지 알려줘,관광지
가기좋은 관광지 알려줘,관광지
가봐야 하는 관광지 알려줘,관광지
구경할만한 관광지 알려줘,관광지
구경하기 좋은 관광지 알려줘,관광지
놀만한 관광지 알려줘,관광지
놀기좋은 관광지 알려줘,관광지
가까운 관광지 알려줘,관광지
꼭 들려야 하는 관광지 알려줘,관광지
관광할만한 명소 알려줘,관광지
볼만한 명소 알려줘,관광지
가볼만한 명소 알려줘,관광지
갈만한 명소 알려줘,관광지
가기좋은 명소 알려줘,관광지
가봐야 하는 명소 알려줘,관광지
구경할만한 명소 알려줘,관광지
구경하기 좋은 명소 알려줘,관광지
놀만한 명소 알려줘,관광지
놀기좋은 명소 알려줘,관광지
가까운 명소 알려줘,관광지
꼭 들려야 하는 명소 알려줘,관광지
관광할만한 관광지 알려주라,관광지
볼만한 관광지 알려주라,관광지
가볼만한 관광지 알려주라,관광지
갈만한 관광지 알려주라,관광지
가기좋은 관광지 알려주라,관광지
가봐야 하는 관광지 알려주라,관광지
구경할만한 관광지 알려주라,관광지
구경하기 좋은 관광지 알려주라,관광지
놀만한 관광지 알려주라,관광지
놀기좋은 관광지 알려주라,관광지
가까운 관광지 알려주라,관광지
꼭 들려야 하는 관광지 알려주라,관광지
관광할만한 명소 알려주라,관광지
볼만한 명소 알려주라,관광지
가볼만한 명소 알려주라,관광지
갈만한 명소 알려주라,관광지
가기좋은 명소 알려주라,관광지
가봐야 하는 명소 알려주라,관광지
구경할만한 명소 알려주라,관광지
구경하기 좋은 명소 알려주라,관광지
놀만한 명소 알려주라,관광지
놀기좋은 명소 알려주라,관광지
가까운 명소 알려주라,관광지
꼭 들려야 하는 명소 알려주라,관광지
관광할만한 관광지 추천해줘,관광지
볼만한 관광지 추천해줘,관광지
가볼만한 관광지 추천해줘,관광지
갈만한 관광지 추천해줘,관광지
가기좋은 관광지 추천해줘,관광지
가봐야 하는 관광지 추천해줘,관광지
구경할만한 관광지 추천해줘,관광지
구경하기 좋은 관광지 추천해줘,관광지
놀만한 관광지 추천해줘,관광지
놀기좋은 관광지 추천해줘,관광지
가까운 관광지 추천해줘,관광지
꼭 들려야 하는 관광지 추천해줘,관광지
관광할만한 명소 추천해줘,관광지
볼만한 명소 추천해줘,관광지
가볼만한 명소 추천해줘,관광지
갈만한 명소 추천해줘,관광지
가기좋은 명소 추천해줘,관광지
가봐야 하는 명소 추천해줘,관광지
구경할만한 명소 추천해줘,관광지
구경하기 좋은 명소 추천해줘,관광지
놀만한 명소 추천해줘,관광지
놀기좋은 명소 추천해줘,관광지
가까운 명소 추천해줘,관광지
꼭 들려야 하는 명소 추천해줘,관광지
관광할만한 관광지 추천해주세요,관광지
볼만한 관광지 추천해주세요,관광지
가볼만한 관광지 추천해주세요,관광지
갈만한 관광지 추천해주세요,관광지
가기좋은 관광지 추천해주세요,관광지
가봐야 하는 관광지 추천해주세요,관광지
구경할만한 관광지 추천해주세요,관광지
구경하기 좋은 관광지 추천해주세요,관광지
놀만한 관광지 추천해주세요,관광지
놀기좋은 관광지 추천해주세요,관광지
가까운 관광지 추천해주세요,관광지
꼭 가볼만한 관광지 추천해주세요,관광지
관광할만한 명소 추천해주세요,관광지
볼만한 명소 추천해주세요,관광지
가볼만한 명소 추천해주세요,관광지
갈만한 명소 추천해주세요,관광지
가기좋은 명소 추천해주세요,관광지
가봐야 하는 명소 추천해주세요,관광지
구경할만한 명소 추천해주세요,관광지
구경하기 좋은 명소 추천해주세요,관광지
놀만한 명소 추천해주세요,관광지
놀기좋은 명소 추천해주세요,관광지
가까운 명소 추천해주세요,관광지
꼭 가볼만한 명소 추천해주세요,관광지
관광할만한 곳 알려줘,관광지
볼만한 곳 알려줘,관광지
가볼만한 곳 알려줘,관광지
갈만한 곳 알려줘,관광지
가기좋은 곳 알려줘,관광지
가봐야 하는 곳 알려줘,관광지
구경할만한 곳 알려줘,관광지
구경하기 좋은 곳 알려줘,관광지
놀만한 곳 알려줘,관광지
놀기좋은 곳 알려줘,관광지
가까운 곳 알려줘,관광지
관광할만한 곳 알려주라,관광지
볼만한 곳 알려주라,관광지
가볼만한 곳 알려주라,관광지
갈만한 곳 알려주라,관광지
가기좋은 곳 알려주라,관광지
가봐야 하는 곳 알려주라,관광지
구경할만한 곳 알려주라,관광지
구경하기 좋은 곳 알려주라,관광지
놀만한 곳 알려주라,관광지
놀기좋은 곳 알려주라,관광지
가까운 곳 알려주라,관광지
관광할만한 곳 추천해줘,관광지
볼만한 곳 추천해줘,관광지
가볼만한 곳 추천해줘,관광지
갈만한 곳 추천해줘,관광지
가기좋은 곳 추천해줘,관광지
가봐야 하는 곳 추천해줘,관광지
구경할만한 곳 추천해줘,관광지
구경하기 좋은 곳 추천해줘,관광지
놀만한 곳 추천해줘,관광지
놀기좋은 곳 추천해줘,관광지
가까운 곳 추천해줘,관광지
놀이공원 알려줘,관광지
놀이공원 알려주라,관광지
놀이공원 추천해줘,관광지
놀이공원 추천해주세요,관광지
놀이동산 알려줘,관광지
놀이동산 알려주라,관광지
놀이동산 추천해줘,관광지
놀이동산 추천해주세요,관광지
동물원 알려줘,관광지
가볼만한 동물원 알려줘,관광지
갈만한 동물원 알려줘,관광지
가까운 동물원 알려줘,관광지
가봐야 하는 동물원 알려줘,관광지
구경하기 좋은 동물원 알려줘,관광지
동물원 알려주라,관광지
가볼만한 동물원 알려주라,관광지
갈만한 동물원 알려주라,관광지
가까운 동물원 알려주라,관광지
가봐야 하는 동물원 알려주라,관광지
구경하기 좋은 동물원 알려주라,관광지
동물원 알려주세요,관광지
가볼만한 동물원 알려주세요,관광지
갈만한 동물원 알려주세요,관광지
가까운 동물원 알려주세요,관광지
가봐야 하는 동물원 알려주세요,관광지
구경하기 좋은 동물원 알려주세요,관광지
동물원 추천해줘,관광지
가볼만한 동물원 추천해줘,관광지
갈만한 동물원 추천해줘,관광지
가까운 동물원 추천해줘,관광지
가봐야 하는 동물원 추천해줘,관광지
구경하기 좋은 동물원 추천해줘,관광지
동물원 추천해주세요,관광지
가볼만동물원 추천해주세요,관광지
갈만한 동물원 추천해주세요,관광지
가까운 동물원 추천해주세요,관광지
가봐야 하는 동물원 추천해주세요,관광지
구경하기 좋은 동물원 추천해주세요,관광지
박물관 알려줘,관광지
가볼만한 박물관 알려줘,관광지
갈만한 박물관 알려줘,관광지
가까운 박물관 알려줘,관광지
가봐야 하는 박물관 알려줘,관광지
구경하기 좋은 박물관 알려줘,관광지
박물관 알려주라,관광지
가볼만한 박물관 알려주라,관광지
갈만한 박물관 알려주라,관광지
가까운 박물관 알려주라,관광지
가봐야 하는 박물관 알려주라,관광지
구경하기 좋은 박물관 알려주라,관광지
박물관 알려주세요,관광지
가볼만한 박물관 알려주세요,관광지
갈만한 박물관 알려주세요,관광지
가까운 박물관 알려주세요,관광지
가봐야 하는 박물관 알려주세요,관광지
구경하기 좋은 박물관 알려주세요,관광지
박물관 추천해줘,관광지
가볼만한 박물관 추천해줘,관광지
갈만한 박물관 추천해줘,관광지
가까운 박물관 추천해줘,관광지
가봐야 하는 박물관 추천해줘,관광지
구경하기 좋은 박물관 추천해줘,관광지
박물관 추천해주세요,관광지
가볼만한 박물관 추천해주세요,관광지
갈만한 박물관 추천해주세요,관광지
가까운 박물관 추천해주세요,관광지
가봐야 하는 박물관 추천해주세요,관광지
구경하기 좋은 박물관 추천해주세요,관광지
야경이 아름다운,관광지
야경이 아름다운 관광지,관광지
야경이 아름다운 관광지 알려줘,관광지
야경이 아름다운 명소,관광지
야경이 아름다운 명소 알려줘,관광지
야경이 아름다운 관광지 알려주라,관광지
야경이 아름다운 명소 알려주라,관광지
야경이 아름다운 관광지 추천해줘,관광지
야경이 아름다운 명소 추천해줘,관광지
야경이 아름다운 관광지 추천해주세요,관광지
야경이 아름다운 명소 추천해주세요,관광지
서울에서 관광할만한 관광지 알려줘,관광지
서울에서 볼만한 관광지 알려줘,관광지
서울에서 가볼만한 관광지 알려줘,관광지
서울에서 갈만한 관광지 알려줘,관광지
서울에서 가기좋은 관광지 알려줘,관광지
서울에서 가봐야 하는 관광지 알려줘,관광지
서울에서 구경할만한 관광지 알려줘,관광지
서울에서 구경하기 좋은 관광지 알려줘,관광지
서울에서 놀만한 관광지 알려줘,관광지
서울에서 놀기좋은 관광지 알려줘,관광지
서울에서 가까운 관광지 알려줘,관광지
서울에서 꼭 들려야 하는 관광지 알려줘,관광지
서울에서 관광할만한 명소 알려줘,관광지
서울에서 볼만한 명소 알려줘,관광지
서울에서 가볼만한 명소 알려줘,관광지
서울에서 갈만한 명소 알려줘,관광지
서울에서 가기좋은 명소 알려줘,관광지
서울에서 가봐야 하는 명소 알려줘,관광지
서울에서 구경할만한 명소 알려줘,관광지
서울에서 구경하기 좋은 명소 알려줘,관광지
서울에서 놀만한 명소 알려줘,관광지
서울에서 놀기좋은 명소 알려줘,관광지
서울에서 가까운 명소 알려줘,관광지
서울에서 꼭 들려야 하는 명소 알려줘,관광지
서울에서 야경이 아름다운,관광지
서울에서 야경이 아름다운 관광지,관광지
서울에서 야경이 아름다운 관광지 알려줘,관광지
서울에서 야경이 아름다운 명소,관광지
서울에서 야경이 아름다운 명소 알려줘,관광지
서울에서 야경이 아름다운 관광지 알려주라,관광지
서울에서 야경이 아름다운 명소 알려주라,관광지
서울에서 야경이 아름다운 관광지 추천해줘,관광지
서울에서 야경이 아름다운 명소 추천해줘,관광지
서울에서 야경이 아름다운 관광지 추천해주세요,관광지
서울에서 야경이 아름다운 명소 추천해주세요,관광지
경주에서 관광할만한 관광지 알려줘,관광지
경주에서 볼만한 관광지 알려줘,관광지
경주에서 가볼만한 관광지 알려줘,관광지
경주에서 갈만한 관광지 알려줘,관광지
경주에서 가기좋은 관광지 알려줘,관광지
경주에서 가봐야 하는 관광지 알려줘,관광지
경주에서 구경할만한 관광지 알려줘,관광지
경주에서 구경하기 좋은 관광지 알려줘,관광지
경주에서 놀만한 관광지 알려줘,관광지
경주에서 놀기좋은 관광지 알려줘,관광지
경주에서 가까운 관광지 알려줘,관광지
경주에서 꼭 들려야 하는 관광지 알려줘,관광지
경주에서 관광할만한 명소 알려줘,관광지
경주에서 볼만한 명소 알려줘,관광지
경주에서 가볼만한 명소 알려줘,관광지
경주에서 갈만한 명소 알려줘,관광지
경주에서 가기좋은 명소 알려줘,관광지
경주에서 가봐야 하는 명소 알려줘,관광지
경주에서 구경할만한 명소 알려줘,관광지
경주에서 구경하기 좋은 명소 알려줘,관광지
경주에서 놀만한 명소 알려줘,관광지
경주에서 놀기좋은 명소 알려줘,관광지
경주에서 가까운 명소 알려줘,관광지
경주에서 꼭 들려야 하는 명소 알려줘,관광지
경주에서 야경이 아름다운,관광지
경주에서 야경이 아름다운 관광지,관광지
경주에서 야경이 아름다운 관광지 알려줘,관광지
경주에서 야경이 아름다운 명소,관광지
경주에서 야경이 아름다운 명소 알려줘,관광지
경주에서 야경이 아름다운 관광지 알려주라,관광지
경주에서 야경이 아름다운 명소 알려주라,관광지
경주에서 야경이 아름다운 관광지 추천해줘,관광지
경주에서 야경이 아름다운 명소 추천해줘,관광지
경주에서 야경이 아름다운 관광지 추천해주세요,관광지
경주에서 야경이 아름다운 명소 추천해주세요,관광지